version,name,statement_count,statements_md5
20260924181956,build4_cloud_schema,1,5d6ddbfb311b6dce8ceb98b09dc81099
20260924182007,ir01_duration_source_and_claim_v3,1,d359cfb9b4316b77c2da83c6709dab1c
20260924182010,f08_meal_slot_and_status,1,e26e459aea96d24f60f486d5863ddf29
20260924182014,f05_add_child_after_binding,1,11113160b87c7b456f19708628467410
20260924182017,f09_task_payment_mechanism,1,02f6067bbe047aaa9ecf5ea8b0d8abd8
20260924182021,f10_career_opportunities,1,350ffe91b09e67ccf943fb0ad33d378a
20260924182024,f11_rebuild_focus,1,f4ee299a1a82c6a356ff75e151b81a6f
20260924182028,f12_life_records,1,8647319bc3b094ecf87a49f8031a3749
20260924182033,f13_people_os,1,3408a9422b30b7539123cc1758259d69
20260924182038,int13_per_owner_uniqueness,1,06c7b2b18a7d12db3118da25071df70f
20260924182148,build4_baseline,1,0c95e6aafd77c3e0aa0a67d70c48b9c8
20260924182844,env_function_alignment,1,d5a81609b9cca67c979ffc437977b3b1
20260925142013,external_calendar_connections,1,7353e35fcf5b4d3ee7b6e74d0a38186d