dimension,items,digest
#GATING,4449,58f82fed660a6b3876b66111251b3b27
columns,884,9bdf4256bd16a50de8d7a58a7bb26753
constraints,826,425c7a15421569fbfdb90025c8330901
functions,31,5aa1c701d8272f2e78663e87ac239adc
indexes,342,bf5da31170f12d991d9817430775d16f
info.event_triggers,7,460fef42355350673d98786b2395e9f7
info.extensions,5,79a0122710537a34641e3743cd7b7729
policies,104,2ed39feb49a7a9fa9021afda25e82a58
privileges.columns,892,4bb068b447c1dde8086c5874bb30e18e
privileges.default_acl,7,84cba4e765aaa559cf174135e54549ff
privileges.effective,381,cbfd7636b6faf3d8e4428b84a2037111
privileges.functions,59,8b9768f47de598a56e7a60d025b15767
privileges.relations,738,ccd237c708fdb37c84b08e0ca9b00a47
privileges.schemas,10,eda0330fda8cc1898fa30c327ab67768
relations,44,51ba9b3263bc37e1fbf58a14b870b86d
schemas,2,0e57bd8fd092941a34193a365f9fd211
triggers,129,f9ca5346a59aaadddc05046206159971